Year,Variety,Yield
2010,Lapins,16.3876
2011,Lapins,11.4016
2012,Lapins,1.5992
2013,Lapins,13.5212
2014,Lapins,21.64848
2015,Lapins,9.4132
2016,Lapins,24.97444
2017,Lapins,8.515681818
2010,Brooks,6.4124
2011,Brooks,1.296
2012,Brooks,1.032
2013,Brooks,3.3968
2014,Brooks,6.8724
2015,Brooks,2.88716
2016,Brooks,9.21732
2017,Brooks,9.892580645
